latitude,longitude,brightness,scan,track,acq_date,acq_time,satellite,confidence,version,bright_t31,frp,daynight
52.17261,10.42132,301.95,2.19,1.44,2021-08-24,0054,A,21,6.1NRT,282.28,22.2,N
52.15966,10.41945,302.01,2.19,1.44,2021-08-24,0054,A,32,6.1NRT,283.31,22.66,N
52.16046,10.41502,303.7,2.19,1.44,2021-08-24,0054,A,56,6.1NRT,283.69,27.38,N
51.50495,7.19688,302.15,3.13,1.68,2021-08-24,0054,A,47,6.1NRT,283.05,39.33,N
44.49443,22.87674,312.5,1.37,1.16,2021-08-24,0056,A,85,6.1NRT,291,17.94,N
44.49117,22.89353,321.63,1.37,1.16,2021-08-24,0056,A,100,6.1NRT,291.07,31.03,N
44.48425,22.87328,302.34,1.37,1.16,2021-08-24,0056,A,48,6.1NRT,290.55,8.37,N
44.48101,22.8899,309.13,1.37,1.16,2021-08-24,0056,A,76,6.1NRT,290.42,15.21,N
42.94879,18.79228,314.88,1.04,1.02,2021-08-24,0056,A,90,6.1NRT,287.72,15.47,N
42.94678,18.80468,306.26,1.04,1.02,2021-08-24,0056,A,58,6.1NRT,288.34,8.7,N
42.94476,18.81709,310.71,1.04,1.02,2021-08-24,0056,A,81,6.1NRT,287.61,12.1,N
42.93983,18.7896,305.05,1.04,1.02,2021-08-24,0056,A,57,6.1NRT,288.52,7.85,N
42.91462,18.72266,300.34,1.04,1.02,2021-08-24,0056,A,25,6.1NRT,287.23,5.37,N
42.65461,19.29223,315.25,1.07,1.03,2021-08-24,0056,A,91,6.1NRT,286.08,16.42,N
42.65249,19.30503,309.59,1.07,1.03,2021-08-24,0056,A,78,6.1NRT,285.98,11.57,N
42.6434,19.3022,307.81,1.07,1.03,2021-08-24,0056,A,73,6.1NRT,286.92,10.7,N
42.65857,18.9229,301.35,1.05,1.02,2021-08-24,0056,A,34,6.1NRT,266.67,8.04,N
42.46167,19.59704,301.77,1.1,1.05,2021-08-24,0056,A,44,6.1NRT,291.74,5.21,N
42.64318,18.38218,309.17,1.03,1.01,2021-08-24,0056,A,68,6.1NRT,288.86,9.72,N
42.62938,18.35855,313.43,1.02,1.01,2021-08-24,0056,A,81,6.1NRT,290.69,12.17,N
42.62044,18.35606,327.8,1.02,1.01,2021-08-24,0056,A,100,6.1NRT,291.71,27.22,N
42.6185,18.36833,323,1.03,1.01,2021-08-24,0056,A,100,6.1NRT,292.01,21.32,N
42.61658,18.38046,306.8,1.03,1.01,2021-08-24,0056,A,64,6.1NRT,291.24,7.64,N
42.60765,18.37787,302.06,1.03,1.01,2021-08-24,0056,A,10,6.1NRT,290.21,4.82,N
42.60572,18.38997,303.31,1.03,1.01,2021-08-24,0056,A,25,6.1NRT,290.31,5.75,N
42.06734,20.20089,307.85,1.17,1.08,2021-08-24,0056,A,16,6.1NRT,291.45,9.21,N
42.06505,20.21378,326.46,1.17,1.08,2021-08-24,0056,A,100,6.1NRT,291.25,30.27,N
42.05793,20.19773,315.82,1.17,1.08,2021-08-24,0056,A,86,6.1NRT,292.45,16.61,N
42.04628,20.20713,310.04,1.17,1.08,2021-08-24,0056,A,23,6.1NRT,290.39,10.82,N
41.44975,21.94293,302.89,1.43,1.18,2021-08-24,0056,A,52,6.1NRT,289.64,10.42,N
41.18935,19.63674,304.65,1.14,1.07,2021-08-24,0056,A,61,6.1NRT,292.06,7.58,N
41.18707,19.6499,309.46,1.15,1.07,2021-08-24,0056,A,77,6.1NRT,293,11.32,N
43.29078,-8.91943,340.54,1.03,1.02,2021-08-24,0236,A,100,6.1NRT,294.26,47.36,N
43.28909,-8.9068,320.34,1.03,1.02,2021-08-24,0236,A,100,6.1NRT,291.71,19.97,N
43.28173,-8.92151,326.13,1.03,1.02,2021-08-24,0236,A,100,6.1NRT,290.82,26.73,N
43.28004,-8.90888,300.42,1.03,1.02,2021-08-24,0236,A,27,6.1NRT,288.8,5.13,N
41.51596,-8.17159,325.54,1,1,2021-08-24,0236,A,100,6.1NRT,295.29,22.41,N
41.51425,-8.1598,334.3,1,1,2021-08-24,0236,A,100,6.1NRT,295.68,33.72,N
41.12168,-7.0303,301.61,1.02,1.01,2021-08-24,0236,A,43,6.1NRT,291.52,4.67,N
41.18733,-8.00644,317.81,1,1,2021-08-24,0236,A,96,6.1NRT,294.28,15.34,N
41.1856,-7.99472,350.6,1,1,2021-08-24,0236,A,100,6.1NRT,299.07,63.33,N
51.03514,2.29187,304.57,1.48,1.2,2021-08-24,0234,A,61,6.1NRT,287.75,13.37,N
51.82999,34.70383,315.36,1.09,1.04,2021-08-24,0837,T,71,6.1NRT,292.44,10.41,D
51.8187,34.79771,314.81,1.09,1.04,2021-08-24,0837,T,73,6.1NRT,294.15,10.65,D
51.27554,33.829,310.38,1.14,1.06,2021-08-24,0837,T,30,6.1NRT,290.83,8.34,D
48.4436,33.52552,317.06,1.09,1.04,2021-08-24,0839,T,50,6.1NRT,301.16,6.99,D
48.44179,33.54016,346.99,1.09,1.04,2021-08-24,0839,T,93,6.1NRT,305.77,53.58,D
48.42559,32.9942,315.9,1.13,1.06,2021-08-24,0839,T,47,6.1NRT,302.23,5.44,D
48.4238,33.00926,320.07,1.13,1.06,2021-08-24,0839,T,71,6.1NRT,303.78,10.14,D
48.52332,31.29513,311.86,1.31,1.13,2021-08-24,0839,T,50,6.1NRT,298.84,6.46,D
48.55684,30.41914,313.68,1.43,1.18,2021-08-24,0839,T,49,6.1NRT,300.42,11.75,D
48.44034,29.55707,311.08,1.56,1.23,2021-08-24,0839,T,31,6.1NRT,297.2,9.18,D
47.74508,34.78888,354.01,1.02,1.01,2021-08-24,0839,T,97,6.1NRT,304.6,63.73,D
47.74324,34.80227,318.82,1.02,1.01,2021-08-24,0839,T,30,6.1NRT,302.97,7.19,D
47.73613,34.78627,334.72,1.02,1.01,2021-08-24,0839,T,85,6.1NRT,302.92,26.19,D
48.15711,30.8974,314.53,1.34,1.15,2021-08-24,0839,T,64,6.1NRT,301.14,10.89,D
47.87215,33.45303,317.18,1.08,1.04,2021-08-24,0839,T,61,6.1NRT,301.89,8.3,D
47.86996,33.39318,318.13,1.09,1.04,2021-08-24,0839,T,57,6.1NRT,303.48,9.65,D
47.53103,33.89345,322.98,1.05,1.02,2021-08-24,0839,T,71,6.1NRT,304.37,10.45,D
47.52927,33.9072,321.29,1.05,1.02,2021-08-24,0839,T,59,6.1NRT,302.95,8.83,D
47.97271,29.06792,311.14,1.63,1.26,2021-08-24,0839,T,56,6.1NRT,295.63,10.23,D
47.45532,33.76604,326.47,1.06,1.03,2021-08-24,0839,T,77,6.1NRT,305.16,13.37,D
47.45355,33.77987,324.32,1.05,1.03,2021-08-24,0839,T,74,6.1NRT,303.05,10.4,D
47.61926,32.32572,324.13,1.16,1.07,2021-08-24,0839,T,75,6.1NRT,301.05,17.94,D
47.44619,33.76356,321.97,1.06,1.03,2021-08-24,0839,T,70,6.1NRT,305.94,8.11,D
47.83098,30.23262,313.84,1.42,1.18,2021-08-24,0839,T,31,6.1NRT,299.29,9.33,D
47.80981,30.22838,312.7,1.42,1.18,2021-08-24,0839,T,43,6.1NRT,299.4,8.28,D
47.81784,29.54887,329.25,1.54,1.22,2021-08-24,0839,T,83,6.1NRT,298.24,44.23,D
47.69151,29.9434,311.42,1.46,1.2,2021-08-24,0839,T,31,6.1NRT,298.48,8.23,D
47.64404,29.82869,314.34,1.48,1.2,2021-08-24,0839,T,52,6.1NRT,299.05,10.87,D
47.64221,29.84839,320.59,1.48,1.2,2021-08-24,0839,T,73,6.1NRT,300.3,21.26,D
47.6116,30.05872,313.88,1.44,1.19,2021-08-24,0839,T,56,6.1NRT,299.28,12.11,D
47.60976,30.07816,312.06,1.44,1.19,2021-08-24,0839,T,46,6.1NRT,299.66,9.45,D
47.40349,31.88797,320.46,1.2,1.09,2021-08-24,0839,T,66,6.1NRT,302.59,12.97,D
47.09192,33.45091,325.06,1.07,1.03,2021-08-24,0839,T,67,6.1NRT,308.53,10.21,D
47.54755,29.13377,316.16,1.6,1.24,2021-08-24,0839,T,56,6.1NRT,298.02,15.38,D
47.46236,30.05541,313.05,1.44,1.19,2021-08-24,0839,T,19,6.1NRT,299.23,8.43,D
47.08274,33.44848,360.35,1.07,1.03,2021-08-24,0839,T,100,6.1NRT,309.36,80.1,D
47.08098,33.46235,339.51,1.07,1.03,2021-08-24,0839,T,87,6.1NRT,307.92,30.49,D
47.14854,30.56985,314.5,1.35,1.15,2021-08-24,0839,T,40,6.1NRT,301.04,6.23,D
46.6386,34.36753,320.69,1.02,1.01,2021-08-24,0839,T,63,6.1NRT,305.16,7.66,D
46.81861,31.83424,323.67,1.19,1.08,2021-08-24,0839,T,69,6.1NRT,306.22,10.4,D
46.60709,33.34812,333.77,1.06,1.03,2021-08-24,0839,T,83,6.1NRT,307.1,23.89,D
46.59967,33.332,411.9,1.06,1.03,2021-08-24,0839,T,100,6.1NRT,315.91,350.64,D
46.59793,33.34574,389.38,1.06,1.03,2021-08-24,0839,T,100,6.1NRT,314.11,200.08,D
46.59619,33.35946,334.68,1.06,1.03,2021-08-24,0839,T,82,6.1NRT,306.79,24.89,D
46.77711,31.76106,323.26,1.19,1.09,2021-08-24,0839,T,36,6.1NRT,307.91,6.87,D
46.59051,33.32962,379.03,1.06,1.03,2021-08-24,0839,T,100,6.1NRT,309.95,150.14,D
46.58877,33.34336,376.65,1.06,1.03,2021-08-24,0839,T,100,6.1NRT,309.62,139.71,D
46.76913,31.7433,326.41,1.2,1.09,2021-08-24,0839,T,74,6.1NRT,308.45,10.73,D
46.76741,31.75882,346.11,1.19,1.09,2021-08-24,0839,T,92,6.1NRT,308.67,50.08,D
46.58135,33.32724,334.31,1.06,1.03,2021-08-24,0839,T,81,6.1NRT,306.54,23.37,D
46.57961,33.34096,333.26,1.06,1.03,2021-08-24,0839,T,82,6.1NRT,306.99,21.74,D
46.74408,31.68355,385.52,1.2,1.09,2021-08-24,0839,T,100,6.1NRT,314.31,212.06,D
46.74231,31.69913,353.91,1.2,1.09,2021-08-24,0839,T,97,6.1NRT,312,71.98,D
43.21146,23.23844,310.94,3.03,1.66,2021-08-24,0839,T,52,6.1NRT,295.99,26.2,D
43.21258,23.23107,310.87,3.03,1.66,2021-08-24,0839,T,45,6.1NRT,296.03,23.93,D
38.47421,33.3101,322.6,1,1,2021-08-24,0841,T,46,6.1NRT,310.37,6.04,D
34.8693,25.70028,316.35,1.72,1.29,2021-08-24,0841,T,66,6.1NRT,305.85,25.81,D
40.5458,26.8613,313.43,4.44,1.94,2021-08-24,1024,A,49,6.1NRT,298.17,53.09,D
40.54716,26.85792,312.17,4.44,1.94,2021-08-24,1024,A,34,6.1NRT,298.07,43.54,D
44.54519,27.36695,318.83,3.13,1.68,2021-08-24,1026,A,60,6.1NRT,301.94,40.35,D
45.59552,28.93125,320.4,2.4,1.49,2021-08-24,1026,A,53,6.1NRT,303.85,24.25,D
45.58846,28.90203,332.81,2.41,1.5,2021-08-24,1026,A,83,6.1NRT,303.42,77.98,D
46.57701,33.33582,339.83,1.36,1.15,2021-08-24,1026,A,88,6.1NRT,309.35,50.24,D
46.8538,32.93276,328.38,1.4,1.17,2021-08-24,1026,A,77,6.1NRT,306.91,20.54,D
47.07933,33.44588,323.74,1.31,1.14,2021-08-24,1026,A,55,6.1NRT,305.73,12.14,D
46.77869,31.75538,331.55,1.59,1.24,2021-08-24,1026,A,80,6.1NRT,307.98,32.25,D
46.77868,31.74821,329.42,1.59,1.24,2021-08-24,1026,A,68,6.1NRT,307.28,26.21,D
46.82091,31.83815,341.31,1.57,1.24,2021-08-24,1026,A,89,6.1NRT,309.02,61.75,D
46.81678,31.81834,326.77,1.58,1.24,2021-08-24,1026,A,75,6.1NRT,307.7,21.35,D
47.32714,33.53904,321.32,1.29,1.13,2021-08-24,1026,A,35,6.1NRT,300.87,13.76,D
47.0072,31.42907,328.2,1.63,1.26,2021-08-24,1026,A,78,6.1NRT,306.14,28.72,D
47.01802,31.42413,322.79,1.63,1.26,2021-08-24,1026,A,70,6.1NRT,305.97,17.95,D
47.6263,34.31514,322.86,1.19,1.08,2021-08-24,1026,A,57,6.1NRT,303.73,13.08,D
47.61171,33.38522,319.88,1.29,1.13,2021-08-24,1026,A,64,6.1NRT,305.34,10.26,D
47.80686,33.92338,326.16,1.22,1.1,2021-08-24,1026,A,76,6.1NRT,306.19,17.06,D
47.80397,33.90765,319.3,1.22,1.1,2021-08-24,1026,A,48,6.1NRT,304.34,8.03,D
47.46339,31.91932,316.06,1.5,1.21,2021-08-24,1026,A,44,6.1NRT,304.4,10.81,D
47.98028,34.60868,313.45,1.15,1.07,2021-08-24,1026,A,28,6.1NRT,299.34,7.3,D
47.86612,33.45506,316.73,1.26,1.12,2021-08-24,1026,A,49,6.1NRT,303.22,9.1,D
47.25153,30.30409,320.74,1.82,1.32,2021-08-24,1026,A,72,6.1NRT,298.62,27.05,D
47.24652,30.28152,336.99,1.83,1.32,2021-08-24,1026,A,88,6.1NRT,302.73,77.6,D
47.24136,30.25828,314.93,1.83,1.33,2021-08-24,1026,A,37,6.1NRT,299.95,14.96,D
47.45258,30.06638,316.02,1.85,1.33,2021-08-24,1026,A,36,6.1NRT,301.81,14.57,D
47.45369,30.01382,317.22,1.86,1.33,2021-08-24,1026,A,44,6.1NRT,301.9,18.07,D
47.45733,30.05953,314.62,1.85,1.33,2021-08-24,1026,A,34,6.1NRT,299.86,13.44,D
47.44677,30.01265,317,1.86,1.33,2021-08-24,1026,A,60,6.1NRT,301.58,18.18,D
48.48215,34.9767,326.27,1.1,1.05,2021-08-24,1026,A,73,6.1NRT,305.92,17.17,D
47.56513,30.26234,329.37,1.8,1.31,2021-08-24,1026,A,82,6.1NRT,300.17,50.82,D
47.56013,30.23951,316.93,1.8,1.32,2021-08-24,1026,A,68,6.1NRT,301.36,19.83,D
46.9427,27.41262,314.78,2.62,1.55,2021-08-24,1026,A,66,6.1NRT,294.15,36.87,D
46.9346,27.37984,323.53,2.63,1.56,2021-08-24,1026,A,78,6.1NRT,294.75,69.12,D
48.05426,32.42547,317.41,1.38,1.16,2021-08-24,1026,A,52,6.1NRT,301.77,13.45,D
46.94765,27.40315,340.14,2.62,1.55,2021-08-24,1026,A,85,6.1NRT,294.52,162.72,D
46.9392,27.36967,336,2.63,1.56,2021-08-24,1026,A,76,6.1NRT,295.36,134.84,D
47.60861,30.08126,338.62,1.83,1.32,2021-08-24,1026,A,89,6.1NRT,301.99,83.59,D
47.60336,30.05753,318.98,1.83,1.33,2021-08-24,1026,A,72,6.1NRT,300.11,25.62,D
47.50754,29.6292,309.76,1.94,1.36,2021-08-24,1026,A,45,6.1NRT,297.13,12.07,D
47.77492,30.6205,334.12,1.7,1.28,2021-08-24,1026,A,86,6.1NRT,306.3,56.85,D
47.77167,30.61746,331.4,1.7,1.28,2021-08-24,1026,A,75,6.1NRT,307.33,50.06,D
48.59696,34.66962,316.95,1.12,1.05,2021-08-24,1026,A,55,6.1NRT,302.88,8.43,D
48.59439,34.6549,325.83,1.12,1.05,2021-08-24,1026,A,77,6.1NRT,301.14,19.39,D
47.40056,28.6946,310.19,2.18,1.43,2021-08-24,1026,A,45,6.1NRT,296.39,14.07,D
47.39424,28.66769,314.83,2.19,1.43,2021-08-24,1026,A,66,6.1NRT,296.16,26.29,D
47.54162,29.12971,324.92,2.05,1.39,2021-08-24,1026,A,79,6.1NRT,298.73,45.61,D
47.53572,29.10383,313.75,2.06,1.4,2021-08-24,1026,A,50,6.1NRT,298.29,15.07,D
47.54292,29.12171,328.59,2.05,1.39,2021-08-24,1026,A,83,6.1NRT,298.39,59.1,D
48.03228,31.22251,319.72,1.57,1.23,2021-08-24,1026,A,57,6.1NRT,301.11,18.38,D
47.6431,29.32713,318.08,1.99,1.38,2021-08-24,1026,A,72,6.1NRT,301.11,26.76,D
48.41974,33.00349,318.15,1.29,1.13,2021-08-24,1026,A,61,6.1NRT,304.6,8.62,D
48.42948,32.99912,327.82,1.29,1.13,2021-08-24,1026,A,79,6.1NRT,304.16,23.49,D
48.14736,30.97771,313.65,1.6,1.25,2021-08-24,1026,A,48,6.1NRT,302.03,10.7,D
48.19233,31.02343,316.64,1.59,1.24,2021-08-24,1026,A,56,6.1NRT,302.45,14.73,D
48.79425,33.44478,322.81,1.22,1.1,2021-08-24,1026,A,75,6.1NRT,304.35,16.09,D
48.79131,33.42872,327.87,1.22,1.1,2021-08-24,1026,A,80,6.1NRT,304.44,23.6,D
47.97527,29.04831,309.69,2.01,1.38,2021-08-24,1026,A,54,6.1NRT,294.54,14.81,D
47.97702,29.04326,308.93,2.01,1.38,2021-08-24,1026,A,47,6.1NRT,294.35,12.44,D
49.38147,32.10677,326.39,1.33,1.14,2021-08-24,1026,A,80,6.1NRT,298.14,26.26,D
49.0879,29.75092,311.96,1.73,1.29,2021-08-24,1026,A,55,6.1NRT,293.42,15.65,D
58.48665,33.47612,304.4,1,1,2021-08-24,1028,A,0,6.1NRT,277.42,7.24,D
54.48253,16.73907,308.7,1.06,1.03,2021-08-24,1015,T,67,6.1NRT,294.06,6.96,D
52.70214,14.23153,305.75,1.01,1,2021-08-24,1017,T,59,6.1NRT,288.61,4.55,D
52.64152,14.20068,309.45,1.01,1,2021-08-24,1017,T,49,6.1NRT,289.6,8.26,D
51.48568,6.7089,319.99,1.4,1.17,2021-08-24,1017,T,0,6.1NRT,294.43,23.28,D
51.48375,6.72902,321.46,1.4,1.17,2021-08-24,1017,T,0,6.1NRT,293.88,24.63,D
51.36164,6.71527,310.48,1.4,1.17,2021-08-24,1017,T,57,6.1NRT,297.2,10.02,D
51.17735,3.80222,310.22,1.9,1.35,2021-08-24,1017,T,48,6.1NRT,295.56,15.77,D
51.17155,3.82139,311.34,1.89,1.34,2021-08-24,1017,T,64,6.1NRT,295.03,19.99,D
51.03797,2.3003,311.39,2.24,1.45,2021-08-24,1017,T,0,6.1NRT,294.33,21.87,D
49.35243,6.75189,310.14,1.31,1.14,2021-08-24,1017,T,63,6.1NRT,298.72,9.33,D
49.2411,6.84766,310.83,1.3,1.13,2021-08-24,1017,T,61,6.1NRT,294.61,10.86,D
44.62428,24.07512,311.4,3.97,1.85,2021-08-24,1017,T,58,6.1NRT,294.48,38.13,D
44.6193,24.06749,310.61,3.97,1.85,2021-08-24,1017,T,50,6.1NRT,294.55,33.84,D
44.60624,24.11432,310.42,4,1.86,2021-08-24,1017,T,51,6.1NRT,294.3,34.11,D
43.4046,23.99676,315.2,4.31,1.92,2021-08-24,1019,T,63,6.1NRT,299.39,41.08,D
43.39032,24.04666,318.15,4.34,1.92,2021-08-24,1019,T,69,6.1NRT,298.87,66.82,D
45.92736,12.65,311.26,1.06,1.03,2021-08-24,1019,T,66,6.1NRT,298.37,6.53,D
43.38889,24.03883,319.01,4.34,1.92,2021-08-24,1019,T,70,6.1NRT,298.78,74.07,D
45.55414,13.74723,313.08,1.15,1.07,2021-08-24,1019,T,46,6.1NRT,298.36,5.09,D
42.31919,23.80206,311.75,4.57,1.96,2021-08-24,1019,T,14,6.1NRT,298.84,47.94,D
44.61533,11.66533,313.62,1.03,1.02,2021-08-24,1019,T,64,6.1NRT,291.32,8.58,D
42.94554,18.80291,311.8,2.32,1.47,2021-08-24,1019,T,48,6.1NRT,289.4,24.05,D
44.24569,11.99682,315.62,1.06,1.03,2021-08-24,1019,T,72,6.1NRT,299.88,7.3,D
42.65656,19.28089,318.77,2.52,1.53,2021-08-24,1019,T,63,6.1NRT,293.88,48.39,D
42.64972,19.3096,326.82,2.53,1.53,2021-08-24,1019,T,81,6.1NRT,294,79.58,D
42.74262,18.79713,312.18,2.35,1.48,2021-08-24,1019,T,54,6.1NRT,296.15,18.72,D
42.56117,19.46511,310.32,2.6,1.55,2021-08-24,1019,T,48,6.1NRT,294.48,23.98,D
42.63932,18.36618,348.15,2.23,1.45,2021-08-24,1019,T,94,6.1NRT,298.86,163.1,D
42.6325,18.33668,314.28,2.23,1.45,2021-08-24,1019,T,28,6.1NRT,297.7,16.16,D
42.62685,18.36092,337.84,2.23,1.45,2021-08-24,1019,T,89,6.1NRT,298.58,102.6,D
42.54046,18.72871,313.7,2.36,1.48,2021-08-24,1019,T,59,6.1NRT,294.91,26.87,D
42.53333,18.75883,310.78,2.37,1.49,2021-08-24,1019,T,31,6.1NRT,294.59,18.26,D
42.64113,18.36189,344.03,2.23,1.45,2021-08-24,1019,T,92,6.1NRT,298.55,138.1,D
42.63558,18.38638,319.45,2.24,1.45,2021-08-24,1019,T,72,6.1NRT,298.92,31.61,D
42.62877,18.3561,337.54,2.23,1.45,2021-08-24,1019,T,89,6.1NRT,298.27,103.46,D
42.53737,18.75569,312.27,2.37,1.49,2021-08-24,1019,T,57,6.1NRT,294.84,24.1,D
42.61605,18.35199,327.07,2.23,1.45,2021-08-24,1019,T,81,6.1NRT,298.27,59.08,D
42.61045,18.37654,327.72,2.24,1.45,2021-08-24,1019,T,81,6.1NRT,298.15,62.48,D
41.43567,21.9436,324.03,3.85,1.83,2021-08-24,1019,T,78,6.1NRT,299.86,90.91,D
41.44563,21.94102,326.1,3.85,1.83,2021-08-24,1019,T,80,6.1NRT,300.07,108.73,D
41.19161,19.63827,355.39,2.9,1.62,2021-08-24,1019,T,98,6.1NRT,303.58,312.22,D
41.18383,19.66955,337.5,2.91,1.63,2021-08-24,1019,T,88,6.1NRT,301.69,147.4,D
41.17765,19.63244,317.24,2.9,1.62,2021-08-24,1019,T,67,6.1NRT,301.92,32.26,D
41.19019,19.63268,346.75,2.9,1.62,2021-08-24,1019,T,94,6.1NRT,303.39,224.75,D
41.18248,19.66442,343.8,2.91,1.63,2021-08-24,1019,T,92,6.1NRT,302.58,199.34,D
43.44156,4.89946,322.72,1.34,1.15,2021-08-24,1019,T,0,6.1NRT,302.02,17.25,D
41.71886,15.38732,320.83,1.61,1.25,2021-08-24,1019,T,72,6.1NRT,301.15,14.81,D
41.68099,15.11009,316.65,1.56,1.23,2021-08-24,1019,T,38,6.1NRT,296.95,12.68,D
41.67742,15.12784,316.39,1.57,1.23,2021-08-24,1019,T,43,6.1NRT,294.68,13.18,D
41.51203,15.76002,335.5,1.71,1.28,2021-08-24,1019,T,86,6.1NRT,304.51,45.54,D
41.51499,15.75546,330,1.71,1.28,2021-08-24,1019,T,82,6.1NRT,304.86,29,D
41.38427,15.4697,325.06,1.66,1.27,2021-08-24,1019,T,76,6.1NRT,301.5,20.05,D
41.38582,15.46465,327.8,1.66,1.27,2021-08-24,1019,T,79,6.1NRT,301.7,25.02,D
41.11,15.60228,325.35,1.71,1.28,2021-08-24,1019,T,73,6.1NRT,304.35,16.8,D
41.29906,13.93036,317.59,1.39,1.17,2021-08-24,1019,T,30,6.1NRT,298.89,13.42,D
37.6431,14.91939,325.95,1.9,1.35,2021-08-24,1019,T,59,6.1NRT,307.46,26.46,D
37.63881,14.93967,355.19,1.9,1.35,2021-08-24,1019,T,97,6.1NRT,306.34,156.15,D
37.63458,14.93252,357.22,1.9,1.35,2021-08-24,1019,T,98,6.1NRT,308.9,168.64,D
37.63032,14.95317,323.73,1.91,1.35,2021-08-24,1019,T,53,6.1NRT,305.44,21.62,D
38.03238,12.62114,323.37,1.38,1.16,2021-08-24,1019,T,9,6.1NRT,308.11,9.83,D
38.02505,12.60287,334.77,1.37,1.16,2021-08-24,1019,T,81,6.1NRT,309.27,32.03,D
38.02205,12.61878,340.9,1.38,1.16,2021-08-24,1019,T,87,6.1NRT,310.03,46.67,D
37.04859,15.24629,321.26,2.05,1.39,2021-08-24,1019,T,31,6.1NRT,306.46,13.55,D
37.07115,9.73773,334.68,1.08,1.04,2021-08-24,1019,T,79,6.1NRT,309.6,18.86,D
36.74341,6.2527,323.51,1.03,1.01,2021-08-24,1019,T,66,6.1NRT,305.67,8.49,D
51.56193,-3.76498,311.11,1.68,1.28,2021-08-24,1155,T,0,6.1NRT,297.49,16.55,D
46.15155,6.05491,309.27,1.85,1.33,2021-08-24,1204,A,48,6.1NRT,291.44,13.22,D
49.24412,6.85455,310.08,1.41,1.18,2021-08-24,1204,A,60,6.1NRT,298.74,11.21,D
49.35281,6.75477,311.79,1.42,1.18,2021-08-24,1206,A,54,6.1NRT,298.53,11.37,D
49.34901,6.73591,318.5,1.42,1.18,2021-08-24,1206,A,77,6.1NRT,300.19,21.4,D
49.49842,5.96362,310.21,1.53,1.22,2021-08-24,1206,A,67,6.1NRT,298.78,12.3,D
51.79984,10.3713,302.69,1.02,1.01,2021-08-24,1206,A,53,6.1NRT,277.23,7.15,D
51.35753,6.70726,317.87,1.29,1.13,2021-08-24,1206,A,67,6.1NRT,300.38,16.85,D
51.03833,4.54945,319.04,1.6,1.25,2021-08-24,1206,A,78,6.1NRT,292.81,28.12,D
52.15,10.40011,320.84,1.01,1.01,2021-08-24,1206,A,80,6.1NRT,291.05,16.32,D
51.41673,5.98293,320.91,1.37,1.16,2021-08-24,1206,A,80,6.1NRT,292.5,25.65,D
50.9343,3.68976,306.57,1.77,1.3,2021-08-24,1206,A,60,6.1NRT,290.78,11.9,D
51.16544,3.81087,307.95,1.72,1.29,2021-08-24,1206,A,38,6.1NRT,290.01,14.64,D
51.02443,2.28413,308.44,2.04,1.39,2021-08-24,1206,A,43,6.1NRT,295.57,13.71,D
51.02581,2.27579,310.26,2.04,1.39,2021-08-24,1206,A,59,6.1NRT,295.88,19.53,D
52.02777,4.58377,314.69,1.5,1.21,2021-08-24,1206,A,57,6.1NRT,285.21,19.46,D
51.99145,4.24858,317.82,1.56,1.23,2021-08-24,1206,A,59,6.1NRT,282.29,27.23,D
53.12368,9.33989,312.42,1.03,1.01,2021-08-24,1206,A,72,6.1NRT,295.28,10.33,D
53.13785,8.67587,305.03,1.06,1.03,2021-08-24,1206,A,29,6.1NRT,291,5.32,D
53.23057,9.12328,311.94,1.04,1.02,2021-08-24,1206,A,72,6.1NRT,293.63,9.33,D
53.52317,9.90742,308.44,1.01,1,2021-08-24,1206,A,0,6.1NRT,287.2,6,D
53.9958,9.10582,316.93,1.02,1.01,2021-08-24,1206,A,75,6.1NRT,294.09,13.18,D
56.89355,9.81959,305.61,1,1,2021-08-24,1206,A,52,6.1NRT,292.35,3.98,D
37.23735,13.84901,326.61,1.17,1.08,2021-08-24,1202,A,51,6.1NRT,309.36,9.76,D
37.46623,14.59161,336.13,1.1,1.04,2021-08-24,1202,A,78,6.1NRT,316.15,17.03,D
37.47748,14.60153,355.93,1.09,1.04,2021-08-24,1202,A,97,6.1NRT,316.18,60.22,D
37.47547,14.58929,337.42,1.1,1.04,2021-08-24,1202,A,59,6.1NRT,315.76,18.16,D
37.48672,14.59928,350.2,1.09,1.04,2021-08-24,1202,A,93,6.1NRT,314.58,46.3,D
37.48471,14.58703,334.76,1.1,1.04,2021-08-24,1202,A,68,6.1NRT,315.35,14.57,D
37.63302,14.93163,362.58,1.07,1.03,2021-08-24,1202,A,100,6.1NRT,317.11,82.33,D
37.64215,14.92952,360.79,1.07,1.03,2021-08-24,1202,A,100,6.1NRT,311.61,76.83,D
37.64435,14.76589,327.45,1.08,1.04,2021-08-24,1202,A,58,6.1NRT,312.47,7.13,D
36.58853,8.37779,320.68,2.47,1.51,2021-08-24,1202,A,31,6.1NRT,296.83,33.14,D
37.87951,15.1373,333.52,1.05,1.02,2021-08-24,1202,A,79,6.1NRT,306.64,21.88,D
37.87768,15.1257,328.2,1.05,1.02,2021-08-24,1202,A,70,6.1NRT,304.7,14.24,D
37.79198,13.00489,330.09,1.25,1.11,2021-08-24,1202,A,71,6.1NRT,307.95,15.11,D
38.29607,15.85684,317.56,1.01,1.01,2021-08-24,1202,A,32,6.1NRT,304.96,7.42,D
37.89362,13.28721,359.87,1.21,1.1,2021-08-24,1202,A,99,6.1NRT,314.91,87.67,D
37.91054,13.2683,346.12,1.22,1.1,2021-08-24,1202,A,91,6.1NRT,313.02,42.96,D
37.90811,13.25449,342.91,1.22,1.1,2021-08-24,1202,A,88,6.1NRT,315.48,34.98,D
38.02305,12.62062,342.21,1.3,1.13,2021-08-24,1202,A,91,6.1NRT,310.87,44.7,D
38.02048,12.60626,331.7,1.3,1.13,2021-08-24,1202,A,84,6.1NRT,310.93,21.13,D
38.03158,12.61197,324.92,1.3,1.13,2021-08-24,1202,A,61,6.1NRT,309.1,11.49,D
39.67058,26.18297,338.54,2.8,1.6,2021-08-24,1202,A,67,6.1NRT,305.03,128.49,D
39.68502,26.18225,322.64,2.8,1.6,2021-08-24,1202,A,54,6.1NRT,305.34,37.48,D
38.65382,16.02064,319.76,1.01,1,2021-08-24,1202,A,70,6.1NRT,305.95,5.72,D
39.94405,15.93577,315.49,1,1,2021-08-24,1202,A,44,6.1NRT,301.86,5.13,D
39.94237,15.92425,321.98,1,1,2021-08-24,1202,A,70,6.1NRT,303.08,11.61,D
40.90257,21.48202,329.05,1.52,1.22,2021-08-24,1204,A,77,6.1NRT,308.93,23.75,D
41.17868,19.66158,321.46,1.24,1.11,2021-08-24,1204,A,25,6.1NRT,303.16,10.69,D
41.17706,19.64718,388.16,1.24,1.11,2021-08-24,1204,A,100,6.1NRT,313.04,243.81,D
41.17543,19.63264,352.41,1.24,1.11,2021-08-24,1204,A,96,6.1NRT,309.41,74.04,D
41.17786,19.65654,348.42,1.24,1.11,2021-08-24,1204,A,94,6.1NRT,305.55,64.88,D
41.1763,19.64202,368.42,1.24,1.11,2021-08-24,1204,A,100,6.1NRT,312.46,135.85,D
41.17472,19.62744,328.36,1.24,1.11,2021-08-24,1204,A,77,6.1NRT,307.47,18.77,D
41.18773,19.65443,332.9,1.24,1.11,2021-08-24,1204,A,82,6.1NRT,304.48,29.05,D
41.18616,19.64,366.3,1.24,1.11,2021-08-24,1204,A,100,6.1NRT,312.59,127.85,D
41.1846,19.62563,322.93,1.24,1.11,2021-08-24,1204,A,66,6.1NRT,307.55,11.99,D
40.78448,16.06758,339.51,1,1,2021-08-24,1204,A,86,6.1NRT,312.37,21.05,D
40.81893,15.97965,331.75,1,1,2021-08-24,1204,A,69,6.1NRT,311.32,14.26,D
41.58391,20.21804,324.11,1.33,1.14,2021-08-24,1204,A,64,6.1NRT,299.35,21.82,D
41.17382,14.51577,321.26,1.02,1.01,2021-08-24,1204,A,22,6.1NRT,302.35,8.32,D
41.95826,20.10943,323.35,1.33,1.14,2021-08-24,1204,A,69,6.1NRT,306.53,15.94,D
41.95652,20.09318,318.92,1.33,1.14,2021-08-24,1204,A,31,6.1NRT,306.03,9.38,D
41.95452,20.10466,326.17,1.33,1.14,2021-08-24,1204,A,76,6.1NRT,306.63,20.09,D
41.14568,13.93474,328.62,1.05,1.02,2021-08-24,1204,A,41,6.1NRT,304.18,16.44,D
41.1437,13.92254,358.35,1.05,1.03,2021-08-24,1204,A,99,6.1NRT,309.94,76.44,D
41.15288,13.92074,364.81,1.05,1.03,2021-08-24,1204,A,100,6.1NRT,305.64,96.57,D
41.99385,20.18371,316.42,1.34,1.15,2021-08-24,1204,A,33,6.1NRT,301.98,10.06,D
42.05863,20.20286,338.5,1.35,1.15,2021-08-24,1204,A,87,6.1NRT,301.98,50.46,D
42.05718,20.18882,322.39,1.35,1.15,2021-08-24,1204,A,41,6.1NRT,302.22,17.8,D
42.05721,20.21174,319.52,1.35,1.15,2021-08-24,1204,A,43,6.1NRT,298.23,13.83,D
42.05576,20.19731,328.79,1.35,1.15,2021-08-24,1204,A,79,6.1NRT,303.03,29.26,D
42.14297,19.57348,328.25,1.26,1.12,2021-08-24,1204,A,72,6.1NRT,308.04,20.81,D
42.1983,19.61088,314.67,1.27,1.12,2021-08-24,1204,A,36,6.1NRT,299.82,9.01,D
42.19675,19.59637,328.73,1.27,1.12,2021-08-24,1204,A,79,6.1NRT,302.89,28.84,D
41.68139,15.49023,326.12,1,1,2021-08-24,1204,A,76,6.1NRT,307.37,8.08,D
41.679,15.03593,332.18,1.01,1,2021-08-24,1204,A,83,6.1NRT,302.69,21.4,D
42.29552,19.03037,320.63,1.2,1.09,2021-08-24,1204,A,66,6.1NRT,303.37,12.43,D
42.299,19.03815,316.68,1.2,1.09,2021-08-24,1204,A,53,6.1NRT,302.69,8.16,D
42.43404,19.07868,319.54,1.21,1.09,2021-08-24,1204,A,67,6.1NRT,303.59,10.28,D
42.42708,18.84056,313.44,1.19,1.08,2021-08-24,1204,A,18,6.1NRT,297.39,6.41,D
42.53059,19.6858,314.54,1.29,1.13,2021-08-24,1204,A,48,6.1NRT,298.55,9.29,D
42.5289,19.67,324.75,1.29,1.13,2021-08-24,1204,A,76,6.1NRT,300.44,22.55,D
41.85613,14.43539,322.23,1.02,1.01,2021-08-24,1204,A,0,6.1NRT,297.58,15.43,D
42.55701,19.45429,349.65,1.26,1.12,2021-08-24,1204,A,95,6.1NRT,301.69,76.16,D
42.55549,19.44002,315.39,1.26,1.12,2021-08-24,1204,A,55,6.1NRT,299.86,7.78,D
41.65236,12.65664,324.33,1.13,1.06,2021-08-24,1204,A,77,6.1NRT,303.13,12.33,D
42.52753,18.74008,323.55,1.18,1.08,2021-08-24,1204,A,65,6.1NRT,298.21,17.17,D
42.53719,18.73828,328.72,1.18,1.08,2021-08-24,1204,A,60,6.1NRT,298.74,23.39,D
42.53867,18.73216,321.25,1.18,1.08,2021-08-24,1204,A,55,6.1NRT,298.4,14.22,D
42.63365,19.41857,315,1.26,1.12,2021-08-24,1204,A,59,6.1NRT,300.14,8.71,D
42.64029,19.29202,386.06,1.24,1.11,2021-08-24,1204,A,100,6.1NRT,309.56,235.43,D
42.65174,19.30448,322.59,1.25,1.11,2021-08-24,1204,A,54,6.1NRT,297.03,18.14,D
42.65012,19.28963,364.06,1.24,1.11,2021-08-24,1204,A,100,6.1NRT,304.01,125.2,D
42.61764,18.90668,335.61,1.2,1.09,2021-08-24,1204,A,72,6.1NRT,302.11,33.92,D
42.59956,18.37089,327.24,1.14,1.07,2021-08-24,1204,A,61,6.1NRT,303.32,18.94,D
42.60904,18.36883,331.55,1.14,1.07,2021-08-24,1204,A,79,6.1NRT,305.16,25.36,D
42.60746,18.3552,325,1.14,1.06,2021-08-24,1204,A,58,6.1NRT,303.74,15.94,D
42.61695,18.35315,333.98,1.14,1.06,2021-08-24,1204,A,76,6.1NRT,305.56,26.48,D
42.61536,18.33957,336.69,1.14,1.06,2021-08-24,1204,A,88,6.1NRT,305.74,33.64,D
42.628,18.36453,339.55,1.14,1.07,2021-08-24,1204,A,89,6.1NRT,303.98,35.77,D
42.62638,18.35073,383.41,1.14,1.06,2021-08-24,1204,A,100,6.1NRT,309.1,187.83,D
42.62482,18.33737,361.56,1.14,1.06,2021-08-24,1204,A,100,6.1NRT,307.43,96.64,D
42.62328,18.32412,332.95,1.14,1.06,2021-08-24,1204,A,85,6.1NRT,305.25,27.44,D
42.63905,18.37586,322.63,1.14,1.07,2021-08-24,1204,A,47,6.1NRT,304.29,11.02,D
42.6375,18.36265,352.73,1.14,1.07,2021-08-24,1204,A,96,6.1NRT,307.66,69.38,D
42.63585,18.34855,346.15,1.14,1.06,2021-08-24,1204,A,93,6.1NRT,302.87,51.46,D
42.64856,18.37398,322.16,1.14,1.07,2021-08-24,1204,A,67,6.1NRT,302.07,12.05,D
42.64699,18.36055,371.9,1.14,1.07,2021-08-24,1204,A,100,6.1NRT,307.4,137.01,D
42.64544,18.34733,333.04,1.14,1.06,2021-08-24,1204,A,85,6.1NRT,302.62,26.25,D
42.73846,18.79491,322.59,1.19,1.09,2021-08-24,1204,A,75,6.1NRT,300.98,15.74,D
42.73693,18.78115,321.77,1.19,1.08,2021-08-24,1204,A,74,6.1NRT,301.75,14.37,D
42.98174,18.8027,318.44,1.2,1.09,2021-08-24,1204,A,51,6.1NRT,297.16,15.73,D
42.98024,18.78935,340.54,1.2,1.09,2021-08-24,1204,A,78,6.1NRT,299.14,51.92,D
42.99136,18.80007,341.95,1.2,1.09,2021-08-24,1204,A,79,6.1NRT,298.83,54.55,D
42.98987,18.78678,327.93,1.2,1.09,2021-08-24,1204,A,61,6.1NRT,295.01,26.74,D
43.15389,20.21158,319.91,1.39,1.17,2021-08-24,1204,A,44,6.1NRT,302.05,12.86,D
43.16152,20.2199,321.81,1.4,1.17,2021-08-24,1204,A,73,6.1NRT,302.23,17.43,D
43.15988,20.20309,317.36,1.39,1.17,2021-08-24,1204,A,29,6.1NRT,300.44,9.75,D
43.58219,21.98153,315.34,1.75,1.3,2021-08-24,1204,A,59,6.1NRT,298.89,18.17,D
43.57903,21.99914,317.1,1.76,1.3,2021-08-24,1204,A,57,6.1NRT,298.5,21.04,D
43.37327,18.13645,317.54,1.14,1.06,2021-08-24,1204,A,27,6.1NRT,296.89,8.86,D
44.25072,23.60568,321.44,2.2,1.44,2021-08-24,1204,A,64,6.1NRT,301.92,27.08,D
44.2488,23.57818,321.55,2.19,1.44,2021-08-24,1204,A,64,6.1NRT,300.01,26.9,D
44.24817,23.60104,325.56,2.2,1.44,2021-08-24,1204,A,70,6.1NRT,301.79,40.69,D
45.5529,13.74529,314.61,1,1,2021-08-24,1204,A,59,6.1NRT,301.17,4.27,D
47.54519,29.13869,311.66,4.75,1.99,2021-08-24,1204,A,50,6.1NRT,294.61,52.05,D
36.76038,-6.29027,322.19,1.03,1.01,2021-08-24,1342,A,51,6.1NRT,301.51,8.36,D
38.70206,-6.49375,331.35,1.05,1.02,2021-08-24,1342,A,53,6.1NRT,310.13,9.49,D
38.70053,-6.50563,332.47,1.05,1.02,2021-08-24,1342,A,62,6.1NRT,310.42,11.18,D
43.52821,-5.7282,315.12,1.24,1.11,2021-08-24,1342,A,47,6.1NRT,300.8,9.14,D
43.28533,-8.91533,321.34,1.01,1,2021-08-24,1342,A,58,6.1NRT,299.86,15.09,D
43.28366,-8.92751,333.09,1.01,1,2021-08-24,1342,A,65,6.1NRT,302.69,29.35,D
65.20894,-19.95288,304.34,1.01,1.01,2021-08-24,1348,A,0,6.1NRT,287.8,3.86,D
41.44967,21.9367,300.42,2.96,1.64,2021-08-24,1947,T,22,6.1NRT,289.86,19.45,N
41.17687,19.6493,302.98,4.05,1.87,2021-08-24,1947,T,53,6.1NRT,291.82,36.59,N
42.35907,23.94454,303.64,2.15,1.42,2021-08-24,1947,T,56,6.1NRT,289.7,18.3,N
42.02402,20.18628,302.18,3.57,1.77,2021-08-24,1947,T,40,6.1NRT,289.35,31.97,N
42.01752,20.18416,306.07,3.57,1.77,2021-08-24,1947,T,50,6.1NRT,289.39,45.1,N
42.655,19.3102,306.61,3.82,1.83,2021-08-24,1947,T,69,6.1NRT,286.38,59.59,N
42.64286,19.26485,301.6,3.85,1.83,2021-08-24,1947,T,43,6.1NRT,285.77,40.2,N
42.64612,19.31019,300.84,3.82,1.83,2021-08-24,1947,T,32,6.1NRT,286.27,34.51,N
42.65511,18.88848,300.87,4.03,1.86,2021-08-24,1947,T,28,6.1NRT,287.32,33.76,N
46.97838,29.89397,323.87,1.01,1.01,2021-08-24,1947,T,100,6.1NRT,289.58,23.46,N
47.01726,29.54361,306.27,1.02,1.01,2021-08-24,1947,T,67,6.1NRT,289.22,7.94,N
47.94346,29.45964,300.11,1.01,1.01,2021-08-24,1949,T,17,6.1NRT,286.54,5.09,N
48.4772,33.28156,310.86,1.11,1.05,2021-08-24,1949,T,81,6.1NRT,288.92,13.09,N
48.47547,33.26676,301.81,1.11,1.05,2021-08-24,1949,T,44,6.1NRT,289.05,6.36,N
48.16123,30.62149,321.34,1,1,2021-08-24,1949,T,100,6.1NRT,288.85,20.35,N
48.15935,30.60826,304.92,1,1,2021-08-24,1949,T,62,6.1NRT,288.41,7.44,N
48.17007,30.61864,300.68,1,1,2021-08-24,1949,T,32,6.1NRT,286.51,4.95,N
36.68481,6.01064,304.82,1.23,1.1,2021-08-24,2125,T,27,6.1NRT,289.49,7.88,N
36.74734,6.25542,315.48,1.2,1.09,2021-08-24,2125,T,91,6.1NRT,294.25,15.18,N
42.6563,19.30573,302.93,3.3,1.72,2021-08-24,2125,T,52,6.1NRT,285.58,36.58,N
43.44498,4.89868,308.02,1.09,1.04,2021-08-24,2125,T,73,6.1NRT,289.85,10.14,N
45.14597,9.94376,301.71,1.13,1.06,2021-08-24,2127,T,44,6.1NRT,290.57,6.21,N
51.36173,6.70779,326.43,1.06,1.03,2021-08-24,2127,T,100,6.1NRT,285.64,28.35,N
51.37085,6.70489,302.34,1.06,1.03,2021-08-24,2127,T,47,6.1NRT,285.57,7.07,N
51.48836,6.70203,307.77,1.06,1.03,2021-08-24,2127,T,72,6.1NRT,286.44,10.55,N
51.16919,3.80895,318.87,1,1,2021-08-24,2127,T,98,6.1NRT,287.24,18.63,N
52.15574,10.40824,302.64,1.43,1.18,2021-08-24,2127,T,50,6.1NRT,284.62,12.59,N
52.15947,10.40178,301.61,1.43,1.18,2021-08-24,2127,T,43,6.1NRT,284.59,12.26,N
48.48435,33.28701,301.67,1,1,2021-08-24,2358,A,43,6.1NRT,285.67,6.29,N
48.46472,33.29439,302.41,1,1,2021-08-24,2358,A,49,6.1NRT,284.65,6.67,N
48.16645,30.61792,305.74,1.07,1.03,2021-08-24,2358,A,65,6.1NRT,287.24,10.05,N
43.97826,27.60165,301.28,1.21,1.1,2021-08-25,0001,A,40,6.1NRT,288.73,7.61,N
43.44725,4.89386,307.83,1.04,1.02,2021-08-25,0139,A,73,6.1NRT,288.78,10.21,N
43.44558,4.90654,306.77,1.04,1.02,2021-08-25,0139,A,69,6.1NRT,288.47,9.23,N
36.79371,7.70337,304.22,1.19,1.09,2021-08-25,0141,A,59,6.1NRT,293.34,6.05,N
52.17201,10.4209,302.99,1,1,2021-08-25,0137,A,24,6.1NRT,278.51,7.84,N
52.15443,10.41391,301.71,1,1,2021-08-25,0137,A,30,6.1NRT,278.7,7.51,N
51.48479,6.70911,303.3,1.09,1.04,2021-08-25,0139,A,54,6.1NRT,284.8,8.76,N
51.16982,3.82673,309.6,1.36,1.15,2021-08-25,0139,A,78,6.1NRT,285.11,17.22,N
51.17515,3.82092,314.03,1.36,1.15,2021-08-25,0139,A,74,6.1NRT,286.47,21.84,N
51.03456,2.2903,302.99,1.58,1.24,2021-08-25,0139,A,13,6.1NRT,286.05,11.85,N
51.043,2.30932,302.99,1.58,1.24,2021-08-25,0139,A,14,6.1NRT,286.94,11.88,N
48.27298,14.34358,303.37,1.44,1.19,2021-08-25,0139,A,55,6.1NRT,283.56,14.19,N
49.24535,6.84566,300.9,1.04,1.02,2021-08-25,0139,A,35,6.1NRT,282.24,7.47,N
49.2435,6.85977,304.9,1.04,1.02,2021-08-25,0139,A,62,6.1NRT,282.14,9.86,N
45.14465,9.94686,311.3,1.11,1.05,2021-08-25,0139,A,82,6.1NRT,289.1,13.33,N
48.63261,33.69881,315.54,1.8,1.32,2021-08-25,0922,T,63,6.1NRT,299.42,16.31,D
48.6381,33.69498,317.73,1.8,1.32,2021-08-25,0922,T,65,6.1NRT,299.46,19.93,D
48.46175,33.28976,322.11,1.74,1.29,2021-08-25,0922,T,59,6.1NRT,301.74,20.41,D
48.04454,32.52224,337.35,1.64,1.26,2021-08-25,0922,T,88,6.1NRT,301.78,64.28,D
48.04,32.54332,327.74,1.65,1.26,2021-08-25,0922,T,81,6.1NRT,297.67,36.64,D
48.03058,32.53343,316.72,1.65,1.26,2021-08-25,0922,T,45,6.1NRT,298.74,12.47,D
47.60075,31.69438,319.25,1.54,1.22,2021-08-25,0922,T,69,6.1NRT,300.22,16.4,D
47.45735,31.92816,317.6,1.59,1.24,2021-08-25,0922,T,64,6.1NRT,300.59,14.37,D
46.71831,34.74075,318.19,2.31,1.47,2021-08-25,0922,T,63,6.1NRT,301.43,20.51,D
47.36715,31.79325,324.09,1.58,1.24,2021-08-25,0922,T,76,6.1NRT,304.79,23.3,D
48.58945,21.1878,305.49,1.23,1.1,2021-08-25,0922,T,53,6.1NRT,291.77,6.64,D
46.96953,29.57799,325.37,1.28,1.12,2021-08-25,0922,T,78,6.1NRT,296.91,24.23,D
46.55327,30.74033,317.65,1.47,1.2,2021-08-25,0922,T,0,6.1NRT,299.67,12.47,D
46.60463,30.06097,318.35,1.37,1.16,2021-08-25,0922,T,69,6.1NRT,300.37,12.9,D
46.25957,28.84963,314.96,1.24,1.1,2021-08-25,0922,T,52,6.1NRT,297.11,8.48,D
45.69481,28.34831,324.79,1.21,1.09,2021-08-25,0922,T,76,6.1NRT,302.51,16.72,D
45.69206,28.36335,318.51,1.21,1.09,2021-08-25,0922,T,59,6.1NRT,301.71,9.33,D
45.4944,29.24841,320.48,1.33,1.14,2021-08-25,0922,T,53,6.1NRT,302.42,10.4,D
44.35037,26.73957,324.66,1.11,1.05,2021-08-25,0922,T,55,6.1NRT,303.92,13.45,D
44.348,26.75319,317.88,1.11,1.05,2021-08-25,0922,T,0,6.1NRT,302.25,5.82,D
43.97585,27.60857,321.57,1.21,1.09,2021-08-25,0922,T,53,6.1NRT,304.32,13.63,D
41.44208,21.93871,321.38,1.02,1.01,2021-08-25,0924,T,73,6.1NRT,296.02,10.96,D
41.17582,19.65133,320.96,1.16,1.07,2021-08-25,0924,T,65,6.1NRT,301.77,10.35,D
41.29267,15.55741,322.52,1.89,1.34,2021-08-25,0924,T,64,6.1NRT,298.77,22.72,D
41.29086,15.57949,322.18,1.88,1.34,2021-08-25,0924,T,57,6.1NRT,296.78,21.17,D
40.98532,15.98116,319.46,1.77,1.3,2021-08-25,0924,T,50,6.1NRT,298.86,11.89,D
40.30911,19.91465,326.35,1.11,1.05,2021-08-25,0924,T,75,6.1NRT,305.3,14.41,D
40.2298,19.81326,317.19,1.12,1.06,2021-08-25,0924,T,53,6.1NRT,301.36,7.43,D
40.09299,19.78829,322.52,1.12,1.05,2021-08-25,0924,T,70,6.1NRT,304.54,10.63,D
40.08729,19.79409,319.13,1.12,1.05,2021-08-25,0924,T,51,6.1NRT,304.2,7.48,D
38.31364,23.62482,326.89,1.05,1.02,2021-08-25,0924,T,73,6.1NRT,310.62,8.76,D
55.41952,30.71582,307.25,1.04,1.02,2021-08-25,0920,T,49,6.1NRT,296.67,6.41,D
55.05311,32.68236,306.51,1.16,1.07,2021-08-25,0920,T,59,6.1NRT,292.26,7.6,D
55.38545,30.64111,324.02,1.04,1.02,2021-08-25,0920,T,83,6.1NRT,294.81,20.43,D
55.38284,30.65693,334.1,1.04,1.02,2021-08-25,0920,T,89,6.1NRT,295.73,33.77,D
51.17651,3.80947,317.66,1.04,1.02,2021-08-25,1100,T,36,6.1NRT,298.68,10.98,D
51.16759,3.80579,319.76,1.04,1.02,2021-08-25,1100,T,56,6.1NRT,298.28,13.84,D
51.16521,3.82027,339.22,1.04,1.02,2021-08-25,1100,T,91,6.1NRT,297.22,40.49,D
51.08833,3.65964,306.31,1.04,1.02,2021-08-25,1100,T,37,6.1NRT,294.49,4.05,D
51.03443,2.28296,313.87,1,1,2021-08-25,1100,T,38,6.1NRT,295.67,7.82,D
51.03231,2.29694,309.59,1,1,2021-08-25,1100,T,32,6.1NRT,292.74,4.55,D
49.26439,3.63595,317.72,1.08,1.04,2021-08-25,1100,T,74,6.1NRT,297.49,12.28,D
49.26191,3.65043,318.71,1.08,1.04,2021-08-25,1100,T,75,6.1NRT,296.49,12.73,D
48.38645,5.03101,309.89,1.22,1.1,2021-08-25,1100,T,62,6.1NRT,295.36,9.35,D
47.06093,2.28227,310.34,1.06,1.03,2021-08-25,1102,T,42,6.1NRT,298.71,4.43,D
47.04739,2.30617,311.75,1.06,1.03,2021-08-25,1102,T,42,6.1NRT,299.46,5.12,D
43.44328,4.89054,313.66,1.53,1.22,2021-08-25,1102,T,0,6.1NRT,296.82,14,D
43.52225,-5.72751,315.21,1.32,1.14,2021-08-25,1102,T,59,6.1NRT,299.79,9.95,D
43.06291,-5.61945,309.41,1.29,1.13,2021-08-25,1102,T,33,6.1NRT,296.82,8.68,D
43.06144,-5.60557,313.34,1.29,1.13,2021-08-25,1102,T,54,6.1NRT,298.53,12.73,D
42.2387,-7.42667,314.06,1.55,1.23,2021-08-25,1102,T,43,6.1NRT,299.97,12,D
55.36634,30.63848,302.59,3.9,1.84,2021-08-25,0934,A,53,6.1NRT,291.12,31.65,D
55.37154,30.63151,304.88,3.9,1.84,2021-08-25,0934,A,60,6.1NRT,291.16,41.15,D
36.84514,34.98697,325.35,1.29,1.13,2021-08-25,1106,A,61,6.1NRT,308.27,13.15,D
37.76005,30.59365,328.93,1,1,2021-08-25,1106,A,13,6.1NRT,312.59,11.01,D
38.50707,28.75377,347.81,1.05,1.02,2021-08-25,1106,A,92,6.1NRT,315.52,39.21,D
38.50517,28.74173,369.88,1.05,1.03,2021-08-25,1106,A,100,6.1NRT,319.62,102.6,D
40.44215,27.1377,321.12,1.12,1.06,2021-08-25,1106,A,52,6.1NRT,306.34,10.19,D
41.49833,26.57466,319.46,1.14,1.06,2021-08-25,1106,A,50,6.1NRT,306.21,7.02,D
40.08745,19.808,316.55,2.79,1.6,2021-08-25,1106,A,46,6.1NRT,298.56,35.63,D
41.44024,21.93177,317.92,1.93,1.36,2021-08-25,1108,A,64,6.1NRT,300.77,15.41,D
43.2324,27.78471,323.11,1.02,1.01,2021-08-25,1108,A,73,6.1NRT,306.76,10.42,D
43.96415,27.59641,326.88,1.02,1.01,2021-08-25,1108,A,70,6.1NRT,308.03,13.46,D
43.97497,27.60617,322.65,1.02,1.01,2021-08-25,1108,A,38,6.1NRT,306.14,8.82,D
44.44107,28.49084,325.95,1,1,2021-08-25,1108,A,68,6.1NRT,309.6,10.57,D
44.03994,25.40446,329.68,1.16,1.07,2021-08-25,1108,A,78,6.1NRT,303.83,19.1,D
46.21183,34.37372,318.7,1.57,1.23,2021-08-25,1108,A,35,6.1NRT,302.27,15.18,D
45.82765,29.86064,327.06,1.04,1.02,2021-08-25,1108,A,74,6.1NRT,306.32,10.59,D
45.79782,29.48805,325.82,1.03,1.01,2021-08-25,1108,A,47,6.1NRT,303.46,10.76,D
46.145,28.37697,316.56,1,1,2021-08-25,1108,A,47,6.1NRT,296.08,7.6,D
46.30989,29.03894,315.17,1.02,1.01,2021-08-25,1108,A,34,6.1NRT,295.21,5.78,D
47.05389,34.83773,319.01,1.7,1.28,2021-08-25,1108,A,57,6.1NRT,305.16,14.19,D
46.55366,29.85388,317.64,1.05,1.03,2021-08-25,1108,A,58,6.1NRT,299.47,8.99,D
46.61174,29.8035,322.66,1.05,1.02,2021-08-25,1108,A,72,6.1NRT,300.43,12.23,D
46.61004,29.78992,328.41,1.05,1.02,2021-08-25,1108,A,79,6.1NRT,301.57,19.23,D
46.61914,29.78747,325.52,1.05,1.02,2021-08-25,1108,A,74,6.1NRT,303.34,16.04,D
46.99149,32.26244,320.42,1.28,1.12,2021-08-25,1108,A,37,6.1NRT,303.76,8.32,D
47.05995,32.23021,320.56,1.28,1.12,2021-08-25,1108,A,44,6.1NRT,303.85,8.93,D
47.42865,30.318,324.88,1.1,1.05,2021-08-25,1108,A,68,6.1NRT,302.3,15.13,D
47.46071,30.26488,319.53,1.1,1.05,2021-08-25,1108,A,52,6.1NRT,302.42,10.12,D
47.45898,30.25043,319.15,1.1,1.05,2021-08-25,1108,A,51,6.1NRT,302.27,9.22,D
47.47757,30.24558,318.68,1.1,1.05,2021-08-25,1108,A,42,6.1NRT,297.18,8.08,D
47.47583,30.23116,337.42,1.1,1.04,2021-08-25,1108,A,87,6.1NRT,299.67,34.52,D
47.38361,29.41542,390.99,1.05,1.02,2021-08-25,1108,A,100,6.1NRT,301.95,206.81,D
47.38187,29.4018,357.79,1.05,1.02,2021-08-25,1108,A,99,6.1NRT,298.26,75.57,D
47.38966,29.40834,339.95,1.05,1.02,2021-08-25,1108,A,0,6.1NRT,296.33,40.35,D
47.50439,30.18833,316.75,1.1,1.04,2021-08-25,1108,A,59,6.1NRT,298.91,7.8,D
47.61702,29.95947,313.99,1.08,1.04,2021-08-25,1108,A,30,6.1NRT,295.67,6.1,D
47.92235,31.93784,327.26,1.27,1.12,2021-08-25,1108,A,79,6.1NRT,297.05,27.64,D
48.03248,32.53144,315.33,1.35,1.15,2021-08-25,1108,A,31,6.1NRT,292.53,11.15,D
48.22607,33.66397,320.37,1.54,1.22,2021-08-25,1108,A,62,6.1NRT,298.15,19.32,D
48.47209,29.15712,321.07,1.05,1.02,2021-08-25,1108,A,65,6.1NRT,287.01,16.39,D
52.49614,4.6154,313.19,1.05,1.02,2021-08-25,1100,T,71,6.1NRT,296.07,8.91,D
51.48329,6.70334,314.46,1.23,1.1,2021-08-25,1100,T,0,6.1NRT,298.49,11.02,D
51.3656,6.71427,312.75,1.24,1.11,2021-08-25,1100,T,66,6.1NRT,298.38,8.8,D
47.50558,18.03139,302.97,2.12,1.42,2021-08-25,1110,A,42,6.1NRT,290.27,6.53,D
53.4124,25.62358,304.1,1.01,1,2021-08-25,1113,A,34,6.1NRT,289.4,4.67,D
53.94113,25.75709,304.17,1.01,1.01,2021-08-25,1113,A,13,6.1NRT,291.54,4.27,D
54.8116,30.14889,307.04,1.33,1.14,2021-08-25,1113,A,53,6.1NRT,294.58,8.34,D
36.8358,6.26427,340.03,1,1,2021-08-25,1244,A,83,6.1NRT,290.75,36.34,D
37.71989,14.04591,328.52,2.2,1.44,2021-08-25,1244,A,73,6.1NRT,305.16,37.71,D
37.73224,14.06329,363.92,2.21,1.44,2021-08-25,1244,A,100,6.1NRT,305.2,264.1,D
37.73046,14.03949,386.24,2.2,1.44,2021-08-25,1244,A,100,6.1NRT,308.94,526.31,D
37.74333,14.03737,325.32,2.2,1.44,2021-08-25,1244,A,50,6.1NRT,303.31,28.02,D
39.11235,16.1499,337.21,3.09,1.67,2021-08-25,1244,A,88,6.1NRT,301.93,158.64,D
39.11148,16.17604,322.07,3.11,1.67,2021-08-25,1244,A,75,6.1NRT,298.15,59.95,D
39.10989,16.14536,334.62,3.09,1.67,2021-08-25,1244,A,86,6.1NRT,302.13,138.93,D
39.6251,16.25271,321.36,3.18,1.69,2021-08-25,1246,A,73,6.1NRT,300.77,41.49,D
39.62149,16.24833,320.74,3.18,1.69,2021-08-25,1246,A,56,6.1NRT,300.96,33.68,D
43.44378,4.89855,321.25,1.01,1,2021-08-25,1246,A,0,6.1NRT,296.78,12.52,D
43.2748,1.95133,320.92,1.08,1.04,2021-08-25,1246,A,51,6.1NRT,307.55,6.82,D
43.5032,1.38123,320.42,1.11,1.05,2021-08-25,1246,A,53,6.1NRT,304.43,7.41,D
45.15045,1.08047,324.03,1.09,1.04,2021-08-25,1246,A,79,6.1NRT,301.28,18.18,D
45.1482,1.06708,333.79,1.09,1.04,2021-08-25,1246,A,87,6.1NRT,299.57,32.03,D
45.39104,1.05819,310.39,1.08,1.04,2021-08-25,1246,A,58,6.1NRT,297.76,5.15,D
46.87452,2.13757,313.32,1.01,1,2021-08-25,1249,A,28,6.1NRT,302.57,5.6,D
46.88295,2.12827,327.18,1.01,1,2021-08-25,1249,A,76,6.1NRT,302.86,18.26,D
48.2669,14.32671,303.46,2.94,1.63,2021-08-25,1249,A,0,6.1NRT,286.71,14.6,D
51.16761,3.82687,312.14,1.07,1.03,2021-08-25,1249,A,47,6.1NRT,296.1,7.35,D
51.16574,3.81172,328.52,1.07,1.03,2021-08-25,1249,A,73,6.1NRT,297.95,24.85,D
51.17492,3.80886,313.59,1.07,1.03,2021-08-25,1249,A,51,6.1NRT,298.32,7.83,D
51.03249,2.28219,316.14,1.01,1.01,2021-08-25,1249,A,56,6.1NRT,298.74,8.81,D
51.41276,-1.01849,310.13,1.05,1.02,2021-08-25,1249,A,43,6.1NRT,294.3,6.39,D
56.16311,-3.17376,307.28,1.03,1.01,2021-08-25,1251,A,22,6.1NRT,294.49,4.12,D
42.52366,27.17873,303.58,1.47,1.2,2021-08-25,2029,T,56,6.1NRT,289.76,10.26,N
46.94348,18.94363,307.41,1.02,1.01,2021-08-25,2032,T,71,6.1NRT,286.52,10.22,N
48.28162,14.33724,310.23,1.33,1.14,2021-08-25,2032,T,79,6.1NRT,286.02,17.97,N
35.80711,-0.2415,318.68,1.01,1,2021-08-25,2208,T,97,6.1NRT,295.91,15.17,N
40.07066,-3.96616,313.17,1.05,1.02,2021-08-25,2210,T,87,6.1NRT,283.79,14.08,N
42.11557,-6.00673,315.79,1.14,1.07,2021-08-25,2210,T,92,6.1NRT,272.72,20.66,N
42.11327,-6.02022,322.53,1.15,1.07,2021-08-25,2210,T,100,6.1NRT,268.56,28.56,N
43.54063,-5.83636,307.92,1.09,1.04,2021-08-25,2210,T,73,6.1NRT,290.58,9.83,N
43.67157,15.96632,306.81,1.31,1.13,2021-08-26,0045,A,49,6.1NRT,288,13.21,N
51.57352,-3.76306,304.35,1.07,1.03,2021-08-26,0221,A,29,6.1NRT,285.99,8.45,N
43.52506,-5.72685,305.06,1.03,1.01,2021-08-26,0224,A,63,6.1NRT,288.67,8.13,N
35.81615,-0.22861,335.74,1.78,1.31,2021-08-26,0224,A,100,6.1NRT,295.14,83.69,N
63.88961,-22.24249,307.41,3,1.65,2021-08-26,0533,A,54,6.1NRT,270.52,63.99,N
46.99934,32.66893,312.07,1.49,1.21,2021-08-26,0826,T,25,6.1NRT,286.35,10.15,D
45.73328,34.81514,317.77,1.17,1.07,2021-08-26,0826,T,0,6.1NRT,301.96,7.25,D
36.94835,34.91639,324.8,1,1,2021-08-26,0828,T,61,6.1NRT,308.91,7.17,D
36.83079,34.96507,325.04,1,1,2021-08-26,0828,T,62,6.1NRT,307.96,8.77,D
44.36475,22.92994,321.25,2.41,1.5,2021-08-26,1004,T,78,6.1NRT,300.63,39.11,D
44.16421,22.44704,316.82,2.29,1.47,2021-08-26,1004,T,55,6.1NRT,292.64,34.81,D
44.21561,17.90731,310.05,1.33,1.14,2021-08-26,1006,T,54,6.1NRT,296.86,8.73,D
43.88911,4.77281,318.45,2.02,1.38,2021-08-26,1006,T,72,6.1NRT,298.99,25.02,D
43.88726,4.79778,316.55,2.01,1.38,2021-08-26,1006,T,64,6.1NRT,298.61,19.68,D
43.44032,4.90329,321.08,1.96,1.37,2021-08-26,1006,T,0,6.1NRT,303.02,27.23,D
41.42164,15.7408,327.74,1.21,1.09,2021-08-26,1006,T,81,6.1NRT,303.3,16.23,D
41.05316,14.09045,321.34,1.07,1.03,2021-08-26,1006,T,72,6.1NRT,302.28,7.63,D
37.86793,12.83986,339.36,1.06,1.03,2021-08-26,1006,T,87,6.1NRT,302.63,32.8,D
37.86601,12.8516,322.1,1.06,1.03,2021-08-26,1006,T,64,6.1NRT,300.59,7.92,D
37.82662,13.09035,325.77,1.08,1.04,2021-08-26,1006,T,62,6.1NRT,297.12,14.12,D
37.3251,13.79576,334.77,1.15,1.07,2021-08-26,1006,T,84,6.1NRT,303.92,28.46,D
37.31987,13.80199,326.51,1.16,1.07,2021-08-26,1006,T,74,6.1NRT,302.73,16.22,D
36.74276,6.26243,317.64,1.35,1.15,2021-08-26,1009,T,48,6.1NRT,299.95,9.35,D
46.43701,34.77798,319.35,1.64,1.26,2021-08-26,1013,A,36,6.1NRT,302.55,11.53,D
46.58838,34.76534,318.6,1.62,1.25,2021-08-26,1013,A,38,6.1NRT,295.25,22.05,D
46.58412,34.74496,331.89,1.63,1.26,2021-08-26,1013,A,84,6.1NRT,297.59,52.34,D
67.8939,21.09834,301.17,1.14,1.06,2021-08-26,0958,T,45,6.1NRT,284.31,7.28,D
67.89008,21.09518,303.14,1.17,1.08,2021-08-26,1019,A,55,6.1NRT,284.3,9.13,D
53.10491,-2.46723,307.1,1.3,1.13,2021-08-26,1142,T,45,6.1NRT,295.65,6.45,D
52.5295,-2.40063,312.16,1.35,1.15,2021-08-26,1142,T,70,6.1NRT,295.26,13.38,D
42.80719,2.66177,314.74,4.68,1.98,2021-08-26,1145,T,58,6.1NRT,301.8,61.95,D
42.80725,2.65759,313.89,4.68,1.98,2021-08-26,1145,T,57,6.1NRT,301.96,55.86,D
43.29944,-6.26909,310.78,1.48,1.2,2021-08-26,1145,T,59,6.1NRT,294.8,10.95,D
37.43856,-5.9758,339.14,2.12,1.42,2021-08-26,1147,T,86,6.1NRT,308.23,85.33,D
37.43849,-5.98245,338.07,2.12,1.42,2021-08-26,1147,T,80,6.1NRT,307.78,79.97,D
37.43108,14.99094,326.36,1.45,1.19,2021-08-26,1149,A,79,6.1NRT,302.8,18.53,D
38.50072,21.15705,322.74,1.04,1.02,2021-08-26,1149,A,55,6.1NRT,303.85,7.58,D
37.82617,13.07719,327.54,1.83,1.32,2021-08-26,1149,A,73,6.1NRT,297.58,31.35,D
40.74373,16.30909,331.2,1.12,1.05,2021-08-26,1151,A,47,6.1NRT,310.41,16.73,D
41.65641,12.58445,330.65,1.58,1.24,2021-08-26,1151,A,84,6.1NRT,304.34,34.68,D
41.65269,12.56594,319.4,1.59,1.24,2021-08-26,1151,A,67,6.1NRT,303.79,9.21,D
41.75399,12.54215,331.4,1.58,1.24,2021-08-26,1151,A,85,6.1NRT,305.54,33.86,D
44.12883,23.18356,321.59,1.41,1.18,2021-08-26,1151,A,69,6.1NRT,305.65,10.99,D
44.35808,22.94242,324.31,1.39,1.17,2021-08-26,1151,A,78,6.1NRT,305.93,16.33,D
45.9295,12.64462,316.59,1.28,1.12,2021-08-26,1151,A,67,6.1NRT,298.28,13.13,D
46.15191,12.22224,307.69,1.32,1.14,2021-08-26,1151,A,21,6.1NRT,291.46,6.85,D
50.55593,13.61143,300.15,1.03,1.02,2021-08-26,1153,A,8,6.1NRT,287.05,3.11,D
53.13491,8.68313,306.06,1.29,1.13,2021-08-26,1153,A,0,6.1NRT,291.51,8.51,D
37.35897,-5.68565,336.31,1.02,1.01,2021-08-26,1329,A,76,6.1NRT,319.89,11.73,D
37.44333,-5.97809,340.77,1.03,1.01,2021-08-26,1329,A,84,6.1NRT,314.8,26.66,D
37.44154,-5.98952,334.03,1.03,1.01,2021-08-26,1329,A,69,6.1NRT,313.47,16.29,D
42.78397,2.68232,357.74,2.33,1.48,2021-08-26,1329,A,99,6.1NRT,308.65,235.76,D
42.78201,2.65195,319.29,2.32,1.47,2021-08-26,1329,A,40,6.1NRT,306.42,17.65,D
42.79725,2.68088,334.12,2.33,1.48,2021-08-26,1329,A,87,6.1NRT,309.66,77.86,D
43.29115,-6.27003,332.76,1,1,2021-08-26,1329,A,86,6.1NRT,298.93,26.78,D
43.28941,-6.28221,316,1,1,2021-08-26,1329,A,69,6.1NRT,298.31,8.16,D
43.52266,-5.73437,317.28,1.01,1.01,2021-08-26,1329,A,59,6.1NRT,302.16,8.2,D
